DELETE FROM public.spn_book_units WHERE book_id='e71bbcb2-3e97-49e7-b117-cff5bb2e9d75';
UPDATE public.spn_books SET name='Book 1', description='Start from zero ‚ÄĒ greetings, pronouns, verb to be, present simple, and more.', cover_color='#10b981', sort_order=0 WHERE id='e71bbcb2-3e97-49e7-b117-cff5bb2e9d75';

DO $$
DECLARE
  u1_id uuid := gen_random_uuid();
  u2_id uuid := gen_random_uuid();
  u3_id uuid := gen_random_uuid();
  u4_id uuid := gen_random_uuid();
  u5_id uuid := gen_random_uuid();
  u6_id uuid := gen_random_uuid();
  u7_id uuid := gen_random_uuid();
  u8_id uuid := gen_random_uuid();
  u9_id uuid := gen_random_uuid();
  u10_id uuid := gen_random_uuid();
  u11_id uuid := gen_random_uuid();
  u12_id uuid := gen_random_uuid();
BEGIN
  INSERT INTO public.spn_book_units (id, book_id, name, sort_order) VALUES
    (u1_id,'e71bbcb2-3e97-49e7-b117-cff5bb2e9d75','Unit 1: Greetings & Introductions',0),
    (u2_id,'e71bbcb2-3e97-49e7-b117-cff5bb2e9d75','Unit 2: Subject Pronouns',1),
    (u3_id,'e71bbcb2-3e97-49e7-b117-cff5bb2e9d75','Unit 3: Verb To Be',2),
    (u4_id,'e71bbcb2-3e97-49e7-b117-cff5bb2e9d75','Unit 4: Common Verbs I',3),
    (u5_id,'e71bbcb2-3e97-49e7-b117-cff5bb2e9d75','Unit 5: Articles & Common Nouns',4),
    (u6_id,'e71bbcb2-3e97-49e7-b117-cff5bb2e9d75','Unit 6: Possessives',5),
    (u7_id,'e71bbcb2-3e97-49e7-b117-cff5bb2e9d75','Unit 7: Present Simple + Do/Does',6),
    (u8_id,'e71bbcb2-3e97-49e7-b117-cff5bb2e9d75','Unit 8: WH-Questions',7),
    (u9_id,'e71bbcb2-3e97-49e7-b117-cff5bb2e9d75','Unit 9: Prepositions & Connectors',8),
    (u10_id,'e71bbcb2-3e97-49e7-b117-cff5bb2e9d75','Unit 10: Numbers, Days & Time',9),
    (u11_id,'e71bbcb2-3e97-49e7-b117-cff5bb2e9d75','Unit 11: Family & People',10),
    (u12_id,'e71bbcb2-3e97-49e7-b117-cff5bb2e9d75','Unit 12: Likes & Dislikes',11);

  INSERT INTO public.spn_word_bank_items (unit_id, word, phonetic, sort_order) VALUES
    (u1_id,'hello','/h…ôňąlo ä/',0),(u1_id,'hi','/ha…™/',1),(u1_id,'goodbye','/…° ädňąba…™/',2),(u1_id,'bye','/ba…™/',3),(u1_id,'good morning','/…° äd ňąm…Ēňźrn…™Ňč/',4),(u1_id,'good afternoon','/…° äd ňĆ√¶ft…ôrňąnuňźn/',5),(u1_id,'good evening','/…° äd ňąiňźvn…™Ňč/',6),(u1_id,'good night','/…° äd na…™t/',7),(u1_id,'name','/ne…™m/',8),(u1_id,'nice','/na…™s/',9),(u1_id,'meet','/miňźt/',10),(u1_id,'you','/juňź/',11),(u1_id,'I','/a…™/',12),(u1_id,'am','/√¶m/',13),(u1_id,'please','/pliňźz/',14),(u1_id,'thanks','/őł√¶Ňčks/',15),(u1_id,'thank you','/őł√¶Ňčk juňź/',16),(u1_id,'sorry','/ňąs…íri/',17),(u1_id,'yes','/j…õs/',18),(u1_id,'no','/no ä/',19),
    (u2_id,'I','/a…™/',0),(u2_id,'you','/juňź/',1),(u2_id,'he','/hiňź/',2),(u2_id,'she','/ Éiňź/',3),(u2_id,'it','/…™t/',4),(u2_id,'we','/wiňź/',5),(u2_id,'they','/√įe…™/',6),(u2_id,'man','/m√¶n/',7),(u2_id,'woman','/ňąw äm…ôn/',8),(u2_id,'boy','/b…Ē…™/',9),(u2_id,'girl','/…°…úňźrl/',10),(u2_id,'person','/ňąp…úňźrs…ôn/',11),(u2_id,'people','/ňąpiňźp…ôl/',12),(u2_id,'friend','/fr…õnd/',13),(u2_id,'teacher','/ňątiňźt É…ôr/',14),(u2_id,'student','/ňąstuňźd…ônt/',15),(u2_id,'dog','/d…í…°/',16),(u2_id,'cat','/k√¶t/',17),(u2_id,'book','/b äk/',18),(u2_id,'car','/k…Ďňźr/',19),
    (u3_id,'am','/√¶m/',0),(u3_id,'is','/…™z/',1),(u3_id,'are','/…Ďňźr/',2),(u3_id,'not','/n…ít/',3),(u3_id,'happy','/ňąh√¶pi/',4),(u3_id,'sad','/s√¶d/',5),(u3_id,'tired','/ňąta…™…ôrd/',6),(u3_id,'hungry','/ňąh ĆŇč…°ri/',7),(u3_id,'thirsty','/ňąőł…úňźrsti/',8),(u3_id,'busy','/ňąb…™zi/',9),(u3_id,'ready','/ňąr…õdi/',10),(u3_id,'late','/le…™t/',11),(u3_id,'here','/h…™…ôr/',12),(u3_id,'there','/√į…õ…ôr/',13),(u3_id,'home','/ho äm/',14),(u3_id,'school','/skuňźl/',15),(u3_id,'work','/w…úňźrk/',16),(u3_id,'Brazilian','/br…ôňąz…™li…ôn/',17),(u3_id,'English','/ňą…™Ňč…°l…™ É/',18),(u3_id,'teacher','/ňątiňźt É…ôr/',19),
    (u4_id,'eat','/iňźt/',0),(u4_id,'drink','/dr…™Ňčk/',1),(u4_id,'want','/w…ínt/',2),(u4_id,'like','/la…™k/',3),(u4_id,'play','/ple…™/',4),(u4_id,'go','/…°o ä/',5),(u4_id,'have','/h√¶v/',6),(u4_id,'see','/siňź/',7),(u4_id,'read','/riňźd/',8),(u4_id,'write','/ra…™t/',9),(u4_id,'speak','/spiňźk/',10),(u4_id,'listen','/ňąl…™s…ôn/',11),(u4_id,'study','/ňąst Ćdi/',12),(u4_id,'work','/w…úňźrk/',13),(u4_id,'sleep','/sliňźp/',14),(u4_id,'run','/r Ćn/',15),(u4_id,'walk','/w…Ēňźk/',16),(u4_id,'come','/k Ćm/',17),(u4_id,'need','/niňźd/',18),(u4_id,'know','/no ä/',19),
    (u5_id,'a','/…ô/',0),(u5_id,'an','/…ôn/',1),(u5_id,'the','/√į…ô/',2),(u5_id,'apple','/ňą√¶p…ôl/',3),(u5_id,'orange','/ňą…Ēňźr…™nd í/',4),(u5_id,'water','/ňąw…Ēňźt…ôr/',5),(u5_id,'juice','/d íuňźs/',6),(u5_id,'coffee','/ňąk…ífi/',7),(u5_id,'tea','/tiňź/',8),(u5_id,'bread','/br…õd/',9),(u5_id,'rice','/ra…™s/',10),(u5_id,'chicken','/ňąt É…™k…™n/',11),(u5_id,'table','/ňąte…™b…ôl/',12),(u5_id,'chair','/t É…õ…ôr/',13),(u5_id,'door','/d…Ēňźr/',14),(u5_id,'window','/ňąw…™ndo ä/',15),(u5_id,'house','/ha äs/',16),(u5_id,'phone','/fo än/',17),(u5_id,'computer','/k…ômňąpjuňźt…ôr/',18),(u5_id,'pen','/p…õn/',19),
    (u6_id,'my','/ma…™/',0),(u6_id,'your','/j ä…ôr/',1),(u6_id,'his','/h…™z/',2),(u6_id,'her','/h…úňźr/',3),(u6_id,'its','/…™ts/',4),(u6_id,'our','/a ä…ôr/',5),(u6_id,'their','/√į…õ…ôr/',6),(u6_id,'father','/ňąf…Ďňź√į…ôr/',7),(u6_id,'mother','/ňąm Ć√į…ôr/',8),(u6_id,'brother','/ňąbr Ć√į…ôr/',9),(u6_id,'sister','/ňąs…™st…ôr/',10),(u6_id,'son','/s Ćn/',11),(u6_id,'daughter','/ňąd…Ēňźt…ôr/',12),(u6_id,'friend','/fr…õnd/',13),(u6_id,'name','/ne…™m/',14),(u6_id,'house','/ha äs/',15),(u6_id,'car','/k…Ďňźr/',16),(u6_id,'dog','/d…í…°/',17),(u6_id,'job','/d í…íb/',18),(u6_id,'phone','/fo än/',19),
    (u7_id,'do','/duňź/',0),(u7_id,'does','/d Ćz/',1),(u7_id,'don''t','/do änt/',2),(u7_id,'doesn''t','/ňąd Ćz…ônt/',3),(u7_id,'every','/ňą…õvri/',4),(u7_id,'always','/ňą…Ēňźlwe…™z/',5),(u7_id,'usually','/ňąjuňź íu…ôli/',6),(u7_id,'often','/ňą…íf…ôn/',7),(u7_id,'sometimes','/ňąs Ćmta…™mz/',8),(u7_id,'never','/ňąn…õv…ôr/',9),(u7_id,'morning','/ňąm…Ēňźrn…™Ňč/',10),(u7_id,'afternoon','/ňĆ√¶ft…ôrňąnuňźn/',11),(u7_id,'night','/na…™t/',12),(u7_id,'weekend','/ňąwiňźk…õnd/',13),(u7_id,'breakfast','/ňąbr…õkf…ôst/',14),(u7_id,'lunch','/l Ćnt É/',15),(u7_id,'dinner','/ňąd…™n…ôr/',16),(u7_id,'watch','/w…ít É/',17),(u7_id,'TV','/ňĆtiňźňąviňź/',18),(u7_id,'music','/ňąmjuňźz…™k/',19),
    (u8_id,'what','/w…ít/',0),(u8_id,'where','/w…õ…ôr/',1),(u8_id,'when','/w…õn/',2),(u8_id,'who','/huňź/',3),(u8_id,'why','/wa…™/',4),(u8_id,'how','/ha ä/',5),(u8_id,'which','/w…™t É/',6),(u8_id,'how much','/ha ä m Ćt É/',7),(u8_id,'how many','/ha ä ňąm…õni/',8),(u8_id,'how old','/ha ä o äld/',9),(u8_id,'because','/b…™ňąk…Ēňźz/',10),(u8_id,'answer','/ňą√¶ns…ôr/',11),(u8_id,'question','/ňąkw…õst É…ôn/',12),(u8_id,'live','/l…™v/',13),(u8_id,'from','/fr Ćm/',14),(u8_id,'now','/na ä/',15),(u8_id,'today','/t…ôňąde…™/',16),(u8_id,'tomorrow','/t…ôňąm…íro ä/',17),(u8_id,'yesterday','/ňąj…õst…ôrde…™/',18),(u8_id,'country','/ňąk Ćntri/',19),
    (u9_id,'in','/…™n/',0),(u9_id,'on','/…ín/',1),(u9_id,'at','/√¶t/',2),(u9_id,'with','/w…™√į/',3),(u9_id,'without','/w…™ňą√įa ät/',4),(u9_id,'for','/f…Ēňźr/',5),(u9_id,'to','/tuňź/',6),(u9_id,'from','/fr Ćm/',7),(u9_id,'of','/ Ćv/',8),(u9_id,'and','/√¶nd/',9),(u9_id,'but','/b Ćt/',10),(u9_id,'or','/…Ēňźr/',11),(u9_id,'so','/so ä/',12),(u9_id,'because','/b…™ňąk…Ēňźz/',13),(u9_id,'also','/ňą…Ēňźlso ä/',14),(u9_id,'too','/tuňź/',15),(u9_id,'under','/ňą Ćnd…ôr/',16),(u9_id,'over','/ňąo äv…ôr/',17),(u9_id,'between','/b…™ňątwiňźn/',18),(u9_id,'near','/n…™…ôr/',19),
    (u10_id,'one','/w Ćn/',0),(u10_id,'two','/tuňź/',1),(u10_id,'three','/őłriňź/',2),(u10_id,'four','/f…Ēňźr/',3),(u10_id,'five','/fa…™v/',4),(u10_id,'ten','/t…õn/',5),(u10_id,'twenty','/ňątw…õnti/',6),(u10_id,'hundred','/ňąh Ćndr…ôd/',7),(u10_id,'Monday','/ňąm Ćnde…™/',8),(u10_id,'Tuesday','/ňątuňźzde…™/',9),(u10_id,'Wednesday','/ňąw…õnzde…™/',10),(u10_id,'Thursday','/ňąőł…úňźrzde…™/',11),(u10_id,'Friday','/ňąfra…™de…™/',12),(u10_id,'Saturday','/ňąs√¶t…ôrde…™/',13),(u10_id,'Sunday','/ňąs Ćnde…™/',14),(u10_id,'day','/de…™/',15),(u10_id,'week','/wiňźk/',16),(u10_id,'month','/m Ćnőł/',17),(u10_id,'year','/j…™…ôr/',18),(u10_id,'o''clock','/…ôňąkl…ík/',19),
    (u11_id,'family','/ňąf√¶m…ôli/',0),(u11_id,'father','/ňąf…Ďňź√į…ôr/',1),(u11_id,'mother','/ňąm Ć√į…ôr/',2),(u11_id,'dad','/d√¶d/',3),(u11_id,'mom','/m…ím/',4),(u11_id,'parents','/ňąp…õ…ôr…ônts/',5),(u11_id,'brother','/ňąbr Ć√į…ôr/',6),(u11_id,'sister','/ňąs…™st…ôr/',7),(u11_id,'son','/s Ćn/',8),(u11_id,'daughter','/ňąd…Ēňźt…ôr/',9),(u11_id,'husband','/ňąh Ćzb…ônd/',10),(u11_id,'wife','/wa…™f/',11),(u11_id,'uncle','/ňą ĆŇčk…ôl/',12),(u11_id,'aunt','/√¶nt/',13),(u11_id,'cousin','/ňąk Ćz…ôn/',14),(u11_id,'grandfather','/ňą…°r√¶nňĆf…Ďňź√į…ôr/',15),(u11_id,'grandmother','/ňą…°r√¶nňĆm Ć√į…ôr/',16),(u11_id,'baby','/ňąbe…™bi/',17),(u11_id,'child','/t Éa…™ld/',18),(u11_id,'children','/ňąt É…™ldr…ôn/',19),
    (u12_id,'like','/la…™k/',0),(u12_id,'love','/l Ćv/',1),(u12_id,'hate','/he…™t/',2),(u12_id,'prefer','/pr…™ňąf…úňźr/',3),(u12_id,'enjoy','/…™nňąd í…Ē…™/',4),(u12_id,'favorite','/ňąfe…™v…ôr…™t/',5),(u12_id,'color','/ňąk Ćl…ôr/',6),(u12_id,'food','/fuňźd/',7),(u12_id,'movie','/ňąmuňźvi/',8),(u12_id,'song','/s…íŇč/',9),(u12_id,'sport','/sp…Ēňźrt/',10),(u12_id,'really','/ňąriňź…ôli/',11),(u12_id,'very much','/ňąv…õri m Ćt É/',12),(u12_id,'a lot','/…ô l…ít/',13),(u12_id,'a little','/…ô ňąl…™t…ôl/',14),(u12_id,'at all','/√¶t …Ēňźl/',15),(u12_id,'kind of','/ka…™nd  Ćv/',16),(u12_id,'pizza','/ňąpiňźts…ô/',17),(u12_id,'chocolate','/ňąt É…ík…ôl…ôt/',18),(u12_id,'game','/…°e…™m/',19);

  INSERT INTO public.spn_straight_to_point (unit_id, title, content_html, sort_order) VALUES
    (u1_id,'Saying Hello','<p>Use <strong>Hello</strong> or <strong>Hi</strong> to greet anyone, any time. By time of day: <em>Good morning, Good afternoon, Good evening</em>.</p>',0),
    (u1_id,'Introducing Yourself','<p><strong>Hi, I am [name]. Nice to meet you.</strong> Short: <em>I''m John.</em></p>',1),
    (u2_id,'Subject Pronouns','<p><strong>I</strong>=eu, <strong>You</strong>=voc√™, <strong>He/She/It</strong>=ele/ela/coisa, <strong>We</strong>=n√≥s, <strong>They</strong>=eles.</p>',0),
    (u2_id,'Using ''it''','<p>Use <strong>it</strong> for objects and animals.</p>',1),
    (u3_id,'To Be ‚ÄĒ Affirmative','<p><strong>I am, You/We/They are, He/She/It is</strong></p>',0),
    (u3_id,'To Be ‚ÄĒ Negative','<p>Add <strong>not</strong>: I''m not, isn''t, aren''t.</p>',1),
    (u3_id,'To Be ‚ÄĒ Questions','<p>Invert: <em>Are you happy? Is he Brazilian?</em></p>',2),
    (u4_id,'Action Verbs','<p>Everyday verbs follow Present Simple. <em>I eat. You drink. We play.</em></p>',0),
    (u4_id,'Combining Verbs','<p><strong>like to</strong> / <strong>want to</strong> + verb. <em>I like to read.</em></p>',1),
    (u5_id,'A vs An','<p><strong>a</strong> before consonants, <strong>an</strong> before vowels.</p>',0),
    (u5_id,'Using ''The''','<p><strong>the</strong> for specific things already known.</p>',1),
    (u6_id,'Possessive Adjectives','<p><strong>my, your, his, her, its, our, their</strong> ‚ÄĒ always before a noun.</p>',0),
    (u6_id,'His vs Her','<p><strong>his</strong> for male, <strong>her</strong> for female owner.</p>',1),
    (u7_id,'Present Simple ‚ÄĒ Affirmative','<p>he/she/it: add <strong>-s</strong>. <em>He works. She plays.</em></p>',0),
    (u7_id,'Negative ‚ÄĒ Don''t / Doesn''t','<p>I/you/we/they: <strong>don''t</strong>. He/she/it: <strong>doesn''t</strong> + base verb.</p>',1),
    (u7_id,'Questions ‚ÄĒ Do / Does','<p><em>Do you like pizza? Does she work here?</em></p>',2),
    (u8_id,'WH-Question Structure','<p><strong>WH + do/does + subject + verb?</strong></p>',0),
    (u8_id,'Answering with ''because''','<p><em>Why? Because‚Ä¶</em></p>',1),
    (u9_id,'Place: in / on / at','<p><strong>in</strong> dentro, <strong>on</strong> em cima, <strong>at</strong> ponto espec√≠fico.</p>',0),
    (u9_id,'Connectors','<p><strong>and</strong>, <strong>but</strong>, <strong>or</strong>, <strong>so</strong>, <strong>because</strong>.</p>',1),
    (u10_id,'Telling Time','<p><em>It''s three o''clock. It''s half past four.</em></p>',0),
    (u10_id,'Days of the Week','<p>Capitalized + preposition <strong>on</strong>.</p>',1),
    (u11_id,'Talking about Family','<p>Use possessives: <em>my mother, his sister</em>.</p>',0),
    (u11_id,'Singular vs Plural','<p><em>child ‚Üí children, person ‚Üí people</em>.</p>',1),
    (u12_id,'Expressing Likes','<p><strong>I like/love/enjoy</strong> + noun or -ing.</p>',0),
    (u12_id,'Expressing Dislikes','<p><strong>I don''t like / I hate</strong> + noun.</p>',1),
    (u12_id,'Asking','<p><em>Do you like‚Ä¶? What''s your favorite‚Ä¶?</em></p>',2);

  INSERT INTO public.spn_easy_to_understand_items (unit_id, pair_index, side, prompt_html, sort_order) VALUES
    (u1_id,0,'left','<p>Hi, I am Anna.</p>',0),(u1_id,0,'right','<p>Oi, eu sou a Anna.</p>',1),
    (u1_id,1,'left','<p>Nice to meet you.</p>',2),(u1_id,1,'right','<p>Prazer em te conhecer.</p>',3),
    (u1_id,2,'left','<p>Good morning, teacher!</p>',4),(u1_id,2,'right','<p>Bom dia, professor!</p>',5),
    (u1_id,3,'left','<p>Thank you very much.</p>',6),(u1_id,3,'right','<p>Muito obrigado.</p>',7),
    (u1_id,4,'left','<p>Goodbye, see you tomorrow.</p>',8),(u1_id,4,'right','<p>Tchau, at√© amanh√£.</p>',9),
    (u2_id,0,'left','<p>He is my friend.</p>',0),(u2_id,0,'right','<p>Ele √© meu amigo.</p>',1),
    (u2_id,1,'left','<p>She is a teacher.</p>',2),(u2_id,1,'right','<p>Ela √© professora.</p>',3),
    (u2_id,2,'left','<p>We are students.</p>',4),(u2_id,2,'right','<p>N√≥s somos estudantes.</p>',5),
    (u2_id,3,'left','<p>They are happy.</p>',6),(u2_id,3,'right','<p>Eles est√£o felizes.</p>',7),
    (u3_id,0,'left','<p>I am a student.</p>',0),(u3_id,0,'right','<p>Eu sou estudante.</p>',1),
    (u3_id,1,'left','<p>She is not tired.</p>',2),(u3_id,1,'right','<p>Ela n√£o est√° cansada.</p>',3),
    (u3_id,2,'left','<p>Are you ready?</p>',4),(u3_id,2,'right','<p>Voc√™ est√° pronto?</p>',5),
    (u3_id,3,'left','<p>We are at school.</p>',6),(u3_id,3,'right','<p>Estamos na escola.</p>',7),
    (u4_id,0,'left','<p>I want water.</p>',0),(u4_id,0,'right','<p>Eu quero √°gua.</p>',1),
    (u4_id,1,'left','<p>Do you like pizza?</p>',2),(u4_id,1,'right','<p>Voc√™ gosta de pizza?</p>',3),
    (u4_id,2,'left','<p>I need to sleep.</p>',4),(u4_id,2,'right','<p>Eu preciso dormir.</p>',5),
    (u4_id,3,'left','<p>She likes to read books.</p>',6),(u4_id,3,'right','<p>Ela gosta de ler livros.</p>',7),
    (u5_id,0,'left','<p>I want an apple.</p>',0),(u5_id,0,'right','<p>Eu quero uma ma√ß√£.</p>',1),
    (u5_id,1,'left','<p>The water is cold.</p>',2),(u5_id,1,'right','<p>A √°gua est√° fria.</p>',3),
    (u5_id,2,'left','<p>She has a phone.</p>',4),(u5_id,2,'right','<p>Ela tem um telefone.</p>',5),
    (u5_id,3,'left','<p>Open the door, please.</p>',6),(u5_id,3,'right','<p>Abra a porta, por favor.</p>',7),
    (u6_id,0,'left','<p>This is my book.</p>',0),(u6_id,0,'right','<p>Este √© meu livro.</p>',1),
    (u6_id,1,'left','<p>What is your name?</p>',2),(u6_id,1,'right','<p>Qual √© o seu nome?</p>',3),
    (u6_id,2,'left','<p>Her brother is tall.</p>',4),(u6_id,2,'right','<p>O irm√£o dela √© alto.</p>',5),
    (u6_id,3,'left','<p>Our friends are here.</p>',6),(u6_id,3,'right','<p>Nossos amigos est√£o aqui.</p>',7),
    (u7_id,0,'left','<p>I work every day.</p>',0),(u7_id,0,'right','<p>Eu trabalho todo dia.</p>',1),
    (u7_id,1,'left','<p>She doesn''t like coffee.</p>',2),(u7_id,1,'right','<p>Ela n√£o gosta de caf√©.</p>',3),
    (u7_id,2,'left','<p>Do you play soccer?</p>',4),(u7_id,2,'right','<p>Voc√™ joga futebol?</p>',5),
    (u7_id,3,'left','<p>Does he speak English?</p>',6),(u7_id,3,'right','<p>Ele fala ingl√™s?</p>',7),
    (u8_id,0,'left','<p>Where do you live?</p>',0),(u8_id,0,'right','<p>Onde voc√™ mora?</p>',1),
    (u8_id,1,'left','<p>What is your name?</p>',2),(u8_id,1,'right','<p>Qual √© o seu nome?</p>',3),
    (u8_id,2,'left','<p>How old are you?</p>',4),(u8_id,2,'right','<p>Quantos anos voc√™ tem?</p>',5),
    (u8_id,3,'left','<p>Why are you sad?</p>',6),(u8_id,3,'right','<p>Por que voc√™ est√° triste?</p>',7),
    (u9_id,0,'left','<p>I live in Brazil.</p>',0),(u9_id,0,'right','<p>Eu moro no Brasil.</p>',1),
    (u9_id,1,'left','<p>The book is on the table.</p>',2),(u9_id,1,'right','<p>O livro est√° em cima da mesa.</p>',3),
    (u9_id,2,'left','<p>I want coffee with milk.</p>',4),(u9_id,2,'right','<p>Quero caf√© com leite.</p>',5),
    (u9_id,3,'left','<p>I''m tired but happy.</p>',6),(u9_id,3,'right','<p>Estou cansado mas feliz.</p>',7),
    (u10_id,0,'left','<p>What time is it?</p>',0),(u10_id,0,'right','<p>Que horas s√£o?</p>',1),
    (u10_id,1,'left','<p>It''s three o''clock.</p>',2),(u10_id,1,'right','<p>S√£o tr√™s em ponto.</p>',3),
    (u10_id,2,'left','<p>Today is Monday.</p>',4),(u10_id,2,'right','<p>Hoje √© segunda-feira.</p>',5),
    (u10_id,3,'left','<p>See you on Friday.</p>',6),(u10_id,3,'right','<p>A gente se v√™ na sexta.</p>',7),
    (u11_id,0,'left','<p>This is my family.</p>',0),(u11_id,0,'right','<p>Esta √© minha fam√≠lia.</p>',1),
    (u11_id,1,'left','<p>I have two brothers.</p>',2),(u11_id,1,'right','<p>Eu tenho dois irm√£os.</p>',3),
    (u11_id,2,'left','<p>Her father is a doctor.</p>',4),(u11_id,2,'right','<p>O pai dela √© m√©dico.</p>',5),
    (u11_id,3,'left','<p>They have three children.</p>',6),(u11_id,3,'right','<p>Eles t√™m tr√™s filhos.</p>',7),
    (u12_id,0,'left','<p>I love chocolate.</p>',0),(u12_id,0,'right','<p>Eu amo chocolate.</p>',1),
    (u12_id,1,'left','<p>She doesn''t like coffee.</p>',2),(u12_id,1,'right','<p>Ela n√£o gosta de caf√©.</p>',3),
    (u12_id,2,'left','<p>Do you like pizza?</p>',4),(u12_id,2,'right','<p>Voc√™ gosta de pizza?</p>',5),
    (u12_id,3,'left','<p>My favorite color is blue.</p>',6),(u12_id,3,'right','<p>Minha cor favorita √© azul.</p>',7);

  INSERT INTO public.spn_exercises (unit_id, kind, prompt_html, correct_answer, hint, sort_order) VALUES
    (u1_id,'fill_blank','<p>___ , I am Mark. (greeting)</p>','hello','Use a common greeting',0),
    (u1_id,'fill_blank','<p>Nice to ___ you.</p>','meet',NULL,1),
    (u1_id,'translate','<p>Translate: <strong>Bom dia</strong></p>','good morning',NULL,2),
    (u1_id,'translate','<p>Translate: <strong>Obrigado</strong></p>','thank you',NULL,3),
    (u2_id,'fill_blank','<p>Mary is here. ___ is my friend.</p>','she',NULL,0),
    (u2_id,'fill_blank','<p>John and I are tired. ___ need a break.</p>','we',NULL,1),
    (u2_id,'translate','<p>Translate: <strong>Eles</strong></p>','they',NULL,2),
    (u3_id,'fill_blank','<p>I ___ a student.</p>','am',NULL,0),
    (u3_id,'fill_blank','<p>She ___ very happy.</p>','is',NULL,1),
    (u3_id,'fill_blank','<p>We ___ Brazilian.</p>','are',NULL,2),
    (u4_id,'fill_blank','<p>I ___ pizza every Friday.</p>','eat',NULL,0),
    (u4_id,'fill_blank','<p>Do you ___ coffee?</p>','drink',NULL,1),
    (u4_id,'translate','<p>Translate: <strong>Eu quero √°gua</strong></p>','i want water',NULL,2),
    (u5_id,'fill_blank','<p>I want ___ orange juice.</p>','an',NULL,0),
    (u5_id,'fill_blank','<p>She has ___ computer.</p>','a',NULL,1),
    (u5_id,'fill_blank','<p>___ door is open.</p>','the',NULL,2),
    (u6_id,'fill_blank','<p>This is ___ phone. (eu)</p>','my',NULL,0),
    (u6_id,'fill_blank','<p>What is ___ name? (voc√™)</p>','your',NULL,1),
    (u6_id,'translate','<p>Translate: <strong>nossa casa</strong></p>','our house',NULL,2),
    (u7_id,'fill_blank','<p>She ___ English very well.</p>','speaks',NULL,0),
    (u7_id,'fill_blank','<p>I ___ like fish.</p>','don''t',NULL,1),
    (u7_id,'fill_blank','<p>He ___ work on Sunday.</p>','doesn''t',NULL,2),
    (u7_id,'fill_blank','<p>___ you like pizza?</p>','do',NULL,3),
    (u8_id,'fill_blank','<p>___ do you live? (cidade)</p>','where',NULL,0),
    (u8_id,'fill_blank','<p>___ is your favorite color?</p>','what',NULL,1),
    (u8_id,'fill_blank','<p>___ old are you?</p>','how',NULL,2),
    (u9_id,'fill_blank','<p>I live ___ S√£o Paulo.</p>','in',NULL,0),
    (u9_id,'fill_blank','<p>The phone is ___ the table.</p>','on',NULL,1),
    (u9_id,'fill_blank','<p>She is ___ work.</p>','at',NULL,2),
    (u9_id,'fill_blank','<p>I want tea ___ sugar.</p>','with',NULL,3),
    (u10_id,'translate','<p>Translate: <strong>sete</strong></p>','seven',NULL,0),
    (u10_id,'translate','<p>Translate: <strong>quinta-feira</strong></p>','thursday',NULL,1),
    (u10_id,'translate','<p>Translate: <strong>Que horas s√£o?</strong></p>','what time is it',NULL,2),
    (u11_id,'translate','<p>Translate: <strong>m√£e</strong></p>','mother',NULL,0),
    (u11_id,'translate','<p>Translate: <strong>irm√£o</strong></p>','brother',NULL,1),
    (u11_id,'translate','<p>Translate: <strong>av√ī</strong></p>','grandfather',NULL,2),
    (u11_id,'fill_blank','<p>I have two ___ . (crian√ßas)</p>','children',NULL,3),
    (u12_id,'translate','<p>Translate: <strong>Eu amo pizza</strong></p>','i love pizza',NULL,0),
    (u12_id,'fill_blank','<p>My ___ color is red.</p>','favorite',NULL,1),
    (u12_id,'fill_blank','<p>Do you ___ soccer?</p>','like',NULL,2);
END $$;